"time","power"
2024-01-11 07:05:14,9
2024-01-11 07:05:30,8
2024-01-11 07:05:41,9
2024-01-11 07:05:46,8
2024-01-11 07:05:51,10
2024-01-11 07:05:56,9
2024-01-11 07:06:18,8
2024-01-11 07:06:33,9
2024-01-11 07:06:44,8
2024-01-11 07:07:00,9
2024-01-11 07:07:16,8
2024-01-11 07:07:21,9
2024-01-11 07:07:37,10
2024-01-11 07:07:58,9
2024-01-11 07:08:30,8
2024-01-11 07:08:35,10
2024-01-11 07:08:51,9
2024-01-11 07:08:56,10
2024-01-11 07:09:01,9
2024-01-11 07:09:07,10
2024-01-11 07:09:12,9
2024-01-11 07:09:23,10
2024-01-11 07:09:38,9
2024-01-11 07:09:44,8
2024-01-11 07:09:49,9
2024-01-11 07:10:05,8
2024-01-11 07:10:10,10
2024-01-11 07:10:15,9
2024-01-11 07:10:21,10
2024-01-11 07:10:26,9
2024-01-11 07:10:37,10
2024-01-11 07:10:42,9
2024-01-11 07:10:47,8
2024-01-11 07:10:52,9
2024-01-11 07:10:58,10
2024-01-11 07:11:14,9
2024-01-11 07:11:24,8
2024-01-11 07:11:29,9
2024-01-11 07:11:35,8
2024-01-11 07:11:40,9
2024-01-11 07:11:56,10
2024-01-11 07:12:07,9
2024-01-11 07:12:17,8
2024-01-11 07:12:33,10
2024-01-11 07:12:38,9
2024-01-11 07:12:43,10
2024-01-11 07:13:15,9
2024-01-11 07:13:21,10
2024-01-11 07:13:26,8
2024-01-11 07:13:31,9
2024-01-11 07:13:42,8
2024-01-11 07:13:47,10
2024-01-11 07:13:52,9
2024-01-11 07:13:57,10
2024-01-11 07:14:03,8
2024-01-11 07:14:08,9
2024-01-11 07:14:19,10
2024-01-11 07:14:40,9
2024-01-11 07:14:45,10
2024-01-11 07:14:56,8
2024-01-11 07:15:01,9
2024-01-11 07:15:06,8
2024-01-11 07:15:11,10
2024-01-11 07:15:38,9
2024-01-11 07:15:43,10
2024-01-11 07:15:54,9
2024-01-11 07:15:59,33
2024-01-11 07:16:10,32
2024-01-11 07:16:15,32
2024-01-11 07:16:20,32
2024-01-11 07:16:36,33
2024-01-11 07:16:47,32
2024-01-11 07:16:52,34
2024-01-11 07:16:57,33
2024-01-11 07:17:03,32
2024-01-11 07:17:13,31
2024-01-11 07:17:24,33
2024-01-11 07:17:29,32
2024-01-11 07:17:34,31
2024-01-11 07:17:39,32
2024-01-11 07:17:50,31
2024-01-11 07:18:06,32
2024-01-11 07:18:11,33
2024-01-11 07:18:17,32
2024-01-11 07:18:38,33
2024-01-11 07:18:59,32
2024-01-11 07:19:15,33
2024-01-11 07:19:20,32
2024-01-11 07:19:41,33
2024-01-11 07:19:52,31
2024-01-11 07:19:57,32
2024-01-11 07:20:07,33
2024-01-11 07:20:13,94
2024-01-11 07:20:18,80
2024-01-11 07:20:50,78
2024-01-11 07:20:55,80
2024-01-11 07:21:06,78
2024-01-11 07:21:11,80
2024-01-11 07:21:16,79
2024-01-11 07:21:21,78
2024-01-11 07:21:27,80
2024-01-11 07:21:53,78
2024-01-11 07:21:59,80
2024-01-11 07:22:04,79
2024-01-11 07:22:09,79
2024-01-11 07:22:20,80
2024-01-11 07:22:30,79
2024-01-11 07:22:35,80
2024-01-11 07:23:07,78
2024-01-11 07:23:13,80
2024-01-11 07:23:34,79
2024-01-11 07:23:39,80
2024-01-11 07:23:49,79
2024-01-11 07:24:00,80
2024-01-11 07:24:11,77
2024-01-11 07:24:16,80
2024-01-11 07:24:21,79
2024-01-11 07:24:27,80
2024-01-11 07:24:32,79
2024-01-11 07:24:37,80
2024-01-11 07:24:48,77
2024-01-11 07:24:53,80
2024-01-11 07:25:03,79
2024-01-11 07:25:30,78
2024-01-11 07:25:35,80
2024-01-11 07:25:41,77
2024-01-11 07:25:46,79
2024-01-11 07:26:12,80
2024-01-11 07:26:17,165
2024-01-11 07:26:23,159
2024-01-11 07:26:28,161
2024-01-11 07:26:39,161
2024-01-11 07:26:44,160
2024-01-11 07:26:49,160
2024-01-11 07:26:55,156
2024-01-11 07:27:00,160
2024-01-11 07:27:16,160
2024-01-11 07:27:26,158
2024-01-11 07:27:31,160
2024-01-11 07:27:42,155
2024-01-11 07:27:53,160
2024-01-11 07:27:58,160
2024-01-11 07:28:03,162
2024-01-11 07:28:09,158
2024-01-11 07:28:14,162
2024-01-11 07:28:19,160
2024-01-11 07:28:30,156
2024-01-11 07:28:35,161
2024-01-11 07:28:40,159
2024-01-11 07:28:45,160
2024-01-11 07:28:51,155
2024-01-11 07:28:56,160
2024-01-11 07:29:23,160
2024-01-11 07:29:28,160
2024-01-11 07:29:44,159
2024-01-11 07:29:54,160
2024-01-11 07:30:05,156
2024-01-11 07:30:10,161
2024-01-11 07:30:21,160
2024-01-11 07:30:26,155
2024-01-11 07:30:31,160
2024-01-11 07:30:58,159
2024-01-11 07:31:03,161
2024-01-11 07:31:08,160
2024-01-11 07:31:14,161
2024-01-11 07:31:19,160
2024-01-11 07:31:35,278
2024-01-11 07:31:40,288
2024-01-11 07:31:45,282
2024-01-11 07:31:51,290
2024-01-11 07:31:56,289
2024-01-11 07:32:01,287
2024-01-11 07:32:12,287
2024-01-11 07:32:17,288
2024-01-11 07:32:22,289
2024-01-11 07:32:28,288
2024-01-11 07:32:33,288
2024-01-11 07:32:38,289
2024-01-11 07:32:54,287
2024-01-11 07:33:00,288
2024-01-11 07:33:05,287
2024-01-11 07:33:26,290
2024-01-11 07:33:31,288
2024-01-11 07:33:36,284
2024-01-11 07:33:42,285
2024-01-11 07:33:47,287
2024-01-11 07:33:52,286
2024-01-11 07:34:03,288
2024-01-11 07:34:08,280
2024-01-11 07:34:14,277
2024-01-11 07:34:19,286
2024-01-11 07:34:24,289
2024-01-11 07:34:29,290
2024-01-11 07:34:40,288
2024-01-11 07:34:45,286
2024-01-11 07:34:50,284
2024-01-11 07:34:56,289
2024-01-11 07:35:01,290
2024-01-11 07:35:06,290
2024-01-11 07:35:17,287
2024-01-11 07:35:22,281
2024-01-11 07:35:28,287
2024-01-11 07:35:33,284
2024-01-11 07:35:38,286
2024-01-11 07:35:43,288
2024-01-11 07:35:54,286
2024-01-11 07:35:59,283
2024-01-11 07:36:04,285
2024-01-11 07:36:10,280
2024-01-11 07:36:15,282
2024-01-11 07:36:20,285
2024-01-11 07:36:31,285
2024-01-11 07:36:36,289
2024-01-11 07:36:42,288
2024-01-11 07:36:47,287
2024-01-11 07:36:52,286
2024-01-11 07:36:57,288
2024-01-11 07:37:08,282
2024-01-11 07:37:13,286
2024-01-11 07:37:18,287
2024-01-11 07:37:24,288
2024-01-11 07:37:29,293
2024-01-11 07:37:34,289
2024-01-11 07:37:45,156
2024-01-11 07:37:51,0
2024-01-11 07:37:56,9
2024-01-11 07:38:01,9
2024-01-11 07:38:06,8
2024-01-11 07:38:11,9
2024-01-11 07:38:27,8
2024-01-11 07:38:38,9
2024-01-11 07:38:48,10
2024-01-11 07:38:59,9
2024-01-11 07:39:10,9
2024-01-11 07:39:15,8
2024-01-11 07:39:25,9
2024-01-11 07:39:36,10
2024-01-11 07:39:46,9
2024-01-11 07:39:52,10
2024-01-11 07:39:57,8
2024-01-11 07:40:02,10
2024-01-11 07:40:13,8
2024-01-11 07:40:18,9
2024-01-11 07:40:24,8
2024-01-11 07:40:29,10
2024-01-11 07:40:34,9
2024-01-11 07:40:39,10
2024-01-11 07:40:55,9
2024-01-11 07:41:00,8
2024-01-11 07:41:11,9
2024-01-11 07:41:16,10
2024-01-11 07:41:27,8
2024-01-11 07:41:38,9
2024-01-11 07:41:43,10
2024-01-11 07:41:53,9
2024-01-11 07:42:04,8
2024-01-11 07:42:20,9
2024-01-11 07:42:30,8
2024-01-11 07:42:41,9
2024-01-11 07:42:57,9
2024-01-11 07:43:02,9
2024-01-11 07:43:07,11
2024-01-11 07:43:18,10
2024-01-11 07:43:23,11
2024-01-11 07:43:28,10
2024-01-11 07:43:34,11
2024-01-11 07:43:39,10
2024-01-11 07:43:44,11
2024-01-11 07:43:55,10
2024-01-11 07:44:11,11
2024-01-11 07:44:16,10
2024-01-11 07:44:21,11
2024-01-11 07:44:32,9
2024-01-11 07:44:37,11
2024-01-11 07:44:58,9
2024-01-11 07:45:09,10
2024-01-11 07:45:14,11
2024-01-11 07:45:20,11
2024-01-11 07:45:25,10
2024-01-11 07:45:46,11
2024-01-11 07:45:51,10
2024-01-11 07:46:12,11
2024-01-11 07:46:28,10
2024-01-11 07:46:34,11
2024-01-11 07:46:44,10
2024-01-11 07:46:49,11
2024-01-11 07:47:05,10
2024-01-11 07:47:16,11
2024-01-11 07:47:21,10
2024-01-11 07:47:37,9
2024-01-11 07:47:42,10
2024-01-11 07:48:14,11
2024-01-11 07:48:19,10
2024-01-11 07:48:25,11
2024-01-11 07:48:30,10
2024-01-11 07:49:07,11
2024-01-11 07:49:12,10
2024-01-11 07:49:17,11
2024-01-11 07:49:33,12
2024-01-11 07:49:39,10
2024-01-11 07:49:54,11
2024-01-11 07:50:05,12
2024-01-11 07:50:10,10
2024-01-11 07:50:21,11
2024-01-11 07:50:31,10
2024-01-11 07:50:53,11
2024-01-11 07:50:58,10
2024-01-11 07:51:03,11
2024-01-11 07:51:19,10
2024-01-11 07:51:25,11
2024-01-11 07:51:40,10
2024-01-11 07:51:45,11
2024-01-11 07:52:22,10
2024-01-11 07:52:39,11
2024-01-11 07:52:44,10
2024-01-11 07:52:59,11
2024-01-11 07:53:15,10
2024-01-11 07:54:03,11
2024-01-11 07:54:08,10
2024-01-11 07:54:13,11
2024-01-11 07:54:24,10
2024-01-11 07:54:29,11
2024-01-11 07:54:35,10
2024-01-11 07:54:45,9
2024-01-11 07:54:50,11
2024-01-11 07:55:01,9
2024-01-11 07:55:07,13
2024-01-11 07:55:12,40
2024-01-11 07:55:17,39
2024-01-11 07:55:59,38
2024-01-11 07:56:04,39
2024-01-11 07:56:15,38
2024-01-11 07:56:26,39
2024-01-11 07:56:52,38
2024-01-11 07:56:57,39
2024-01-11 07:57:35,38
2024-01-11 07:57:40,39
2024-01-11 07:57:45,38
2024-01-11 07:57:50,39
2024-01-11 07:57:55,40
2024-01-11 07:58:06,38
2024-01-11 07:58:27,39
2024-01-11 07:59:09,38
2024-01-11 07:59:20,39
2024-01-11 07:59:46,38
2024-01-11 07:59:57,39
2024-01-11 08:00:03,38
2024-01-11 08:00:08,40
2024-01-11 08:00:18,39
2024-01-11 08:00:50,40
2024-01-11 08:00:55,38
2024-01-11 08:01:00,39
2024-01-11 08:01:11,40
2024-01-11 08:01:17,38
2024-01-11 08:01:22,39
2024-01-11 08:01:32,40
2024-01-11 08:01:38,39
2024-01-11 08:01:48,38
2024-01-11 08:01:53,39
2024-01-11 08:01:59,38
2024-01-11 08:02:09,39
2024-01-11 08:02:46,38
2024-01-11 08:02:52,39
2024-01-11 08:03:02,40
2024-01-11 08:03:07,39
2024-01-11 08:03:39,46
2024-01-11 08:03:45,98
2024-01-11 08:03:50,98
2024-01-11 08:04:06,96
2024-01-11 08:04:16,97
2024-01-11 08:04:32,98
2024-01-11 08:04:37,97
2024-01-11 08:04:53,98
2024-01-11 08:05:04,95
2024-01-11 08:05:09,97
2024-01-11 08:05:14,98
2024-01-11 08:05:20,97
2024-01-11 08:05:35,98
2024-01-11 08:05:46,96
2024-01-11 08:05:51,97
2024-01-11 08:05:56,98
2024-01-11 08:06:07,98
2024-01-11 08:06:13,97
2024-01-11 08:06:23,98
2024-01-11 08:06:34,96
2024-01-11 08:06:44,96
2024-01-11 08:06:49,97
2024-01-11 08:07:05,96
2024-01-11 08:07:10,97
2024-01-11 08:07:21,96
2024-01-11 08:07:27,97
2024-01-11 08:07:32,95
2024-01-11 08:07:37,97
2024-01-11 08:07:42,98
2024-01-11 08:07:48,97
2024-01-11 08:07:58,98
2024-01-11 08:08:04,97
2024-01-11 08:08:09,98
2024-01-11 08:08:19,95
2024-01-11 08:08:24,98
2024-01-11 08:08:41,97
2024-01-11 08:08:46,98
2024-01-11 08:08:56,97
2024-01-11 08:09:02,98
2024-01-11 08:09:12,96
2024-01-11 08:09:23,98
2024-01-11 08:09:28,96
2024-01-11 08:09:33,97
2024-01-11 08:09:38,98
2024-01-11 08:09:49,98
2024-01-11 08:09:55,97
2024-01-11 08:10:05,98
2024-01-11 08:10:10,96
2024-01-11 08:10:16,97
2024-01-11 08:10:26,98
2024-01-11 08:10:37,97
2024-01-11 08:10:47,98
2024-01-11 08:10:52,97
2024-01-11 08:11:03,96
2024-01-11 08:11:09,97
2024-01-11 08:11:14,98
2024-01-11 08:11:19,97
2024-01-11 08:11:24,97
2024-01-11 08:11:30,98
2024-01-11 08:11:40,97
2024-01-11 08:11:46,98
2024-01-11 08:11:51,217
2024-01-11 08:11:56,202
2024-01-11 08:12:01,200
2024-01-11 08:12:17,198
2024-01-11 08:12:23,200
2024-01-11 08:12:33,198
2024-01-11 08:12:38,199
2024-01-11 08:12:54,194
2024-01-11 08:13:00,200
2024-01-11 08:13:05,196
2024-01-11 08:13:10,199
2024-01-11 08:13:15,192
2024-01-11 08:13:20,198
2024-01-11 08:13:31,199
2024-01-11 08:13:37,199
2024-01-11 08:13:42,199
2024-01-11 08:13:52,201
2024-01-11 08:13:58,202
2024-01-11 08:14:08,198
2024-01-11 08:14:14,199
2024-01-11 08:14:19,200
2024-01-11 08:14:24,199
2024-01-11 08:14:29,198
2024-01-11 08:14:34,199
2024-01-11 08:14:45,201
2024-01-11 08:14:51,198
2024-01-11 08:14:56,199
2024-01-11 08:15:01,200
2024-01-11 08:15:12,198
2024-01-11 08:15:22,200
2024-01-11 08:15:28,199
2024-01-11 08:15:33,200
2024-01-11 08:15:43,198
2024-01-11 08:15:49,197
2024-01-11 08:15:59,198
2024-01-11 08:16:05,200
2024-01-11 08:16:20,202
2024-01-11 08:16:36,200
2024-01-11 08:16:42,200
2024-01-11 08:16:47,198
2024-01-11 08:16:52,198
2024-01-11 08:16:57,198
2024-01-11 08:17:03,200
2024-01-11 08:17:13,199
2024-01-11 08:17:19,198
2024-01-11 08:17:24,199
2024-01-11 08:17:29,198
2024-01-11 08:17:34,199
2024-01-11 08:17:40,193
2024-01-11 08:17:50,199
2024-01-11 08:17:56,196
2024-01-11 08:18:01,200
2024-01-11 08:18:06,198
2024-01-11 08:18:11,200
2024-01-11 08:18:17,199
2024-01-11 08:18:27,200
2024-01-11 08:18:33,199
2024-01-11 08:18:38,198
2024-01-11 08:18:43,199
2024-01-11 08:18:54,200
2024-01-11 08:19:04,199
2024-01-11 08:19:10,199
2024-01-11 08:19:20,200
2024-01-11 08:19:25,199
2024-01-11 08:19:31,199
2024-01-11 08:19:41,198
2024-01-11 08:19:47,199
2024-01-11 08:19:52,199
2024-01-11 08:20:08,197
2024-01-11 08:20:18,200
2024-01-11 08:20:24,198
2024-01-11 08:20:29,199
2024-01-11 08:20:34,198
2024-01-11 08:20:39,201
2024-01-11 08:20:45,201
2024-01-11 08:20:55,199
2024-01-11 08:21:01,200
2024-01-11 08:21:06,199
2024-01-11 08:21:11,198
2024-01-11 08:21:17,199
2024-01-11 08:21:22,200
2024-01-11 08:21:32,195
2024-01-11 08:21:38,199
2024-01-11 08:21:43,198
2024-01-11 08:21:48,200
2024-01-11 08:21:53,199
2024-01-11 08:22:09,198
2024-01-11 08:22:15,199
2024-01-11 08:22:25,198
2024-01-11 08:22:31,199
2024-01-11 08:22:36,199
2024-01-11 08:22:46,197
2024-01-11 08:22:52,196
2024-01-11 08:22:57,198
2024-01-11 08:23:02,196
2024-01-11 08:23:07,198
2024-01-11 08:23:23,199
2024-01-11 08:23:29,195
2024-01-11 08:23:34,198
2024-01-11 08:23:39,200
2024-01-11 08:23:45,198
2024-01-11 08:23:50,198
2024-01-11 08:24:01,203
2024-01-11 08:24:06,352
2024-01-11 08:24:11,355
2024-01-11 08:24:16,354
2024-01-11 08:24:22,356
2024-01-11 08:24:27,357
2024-01-11 08:24:37,362
2024-01-11 08:24:43,354
2024-01-11 08:24:48,362
2024-01-11 08:24:53,351
2024-01-11 08:24:59,356
2024-01-11 08:25:04,357
2024-01-11 08:25:14,361
2024-01-11 08:25:20,359
2024-01-11 08:25:25,347
2024-01-11 08:25:30,358
2024-01-11 08:25:35,360
2024-01-11 08:25:41,357
2024-01-11 08:25:51,356
2024-01-11 08:25:57,360
2024-01-11 08:26:02,360
2024-01-11 08:26:07,353
2024-01-11 08:26:13,361
2024-01-11 08:26:18,358
2024-01-11 08:26:28,362
2024-01-11 08:26:34,357
2024-01-11 08:26:39,361
2024-01-11 08:26:44,357
2024-01-11 08:26:49,361
2024-01-11 08:26:55,355
2024-01-11 08:27:06,358
2024-01-11 08:27:11,357
2024-01-11 08:27:16,363
2024-01-11 08:27:21,356
2024-01-11 08:27:27,362
2024-01-11 08:27:32,354
2024-01-11 08:27:43,355
2024-01-11 08:27:48,361
2024-01-11 08:27:53,356
2024-01-11 08:27:58,354
2024-01-11 08:28:03,356
2024-01-11 08:28:09,357
2024-01-11 08:28:20,359
2024-01-11 08:28:25,353
2024-01-11 08:28:30,358
2024-01-11 08:28:35,356
2024-01-11 08:28:41,361
2024-01-11 08:28:46,355
2024-01-11 08:28:57,358
2024-01-11 08:29:02,357
2024-01-11 08:29:07,358
2024-01-11 08:29:12,356
2024-01-11 08:29:17,362
2024-01-11 08:29:23,322
2024-01-11 08:29:34,10
2024-01-11 08:29:39,10
2024-01-11 08:29:49,11
2024-01-11 08:29:55,10
2024-01-11 08:30:11,11
2024-01-11 08:30:26,12
2024-01-11 08:30:31,10
2024-01-11 08:30:48,12
2024-01-11 08:30:53,10
2024-01-11 08:30:58,12
2024-01-11 08:31:03,10
2024-01-11 08:31:30,11
2024-01-11 08:31:40,10
2024-01-11 08:31:51,11
2024-01-11 08:32:07,10
2024-01-11 08:32:23,11
2024-01-11 08:32:28,10
2024-01-11 08:32:44,11
2024-01-11 08:32:49,10
2024-01-11 08:32:54,12
2024-01-11 08:32:59,11
2024-01-11 08:33:05,11
2024-01-11 08:33:16,11
2024-01-11 08:33:21,10
2024-01-11 08:33:26,11
2024-01-11 08:33:42,10
2024-01-11 08:34:03,12
2024-01-11 08:34:08,10
2024-01-11 08:34:14,11
2024-01-11 08:34:30,10
2024-01-11 08:34:35,11
2024-01-11 08:34:40,12
2024-01-11 08:34:45,11
2024-01-11 08:34:56,10
2024-01-11 08:35:17,12
2024-01-11 08:35:28,11
2024-01-11 08:35:33,10
2024-01-11 08:35:49,12
2024-01-11 08:35:54,11
2024-01-11 08:35:59,10
2024-01-11 08:36:10,12
2024-01-11 08:36:21,10
2024-01-11 08:36:42,12
2024-01-11 08:36:47,11
2024-01-11 08:36:58,12
2024-01-11 08:37:03,10
2024-01-11 08:37:08,12
2024-01-11 08:37:14,10
2024-01-11 08:37:35,12
2024-01-11 08:37:40,11
2024-01-11 08:37:45,12
2024-01-11 08:37:50,10
2024-01-11 08:37:56,11
2024-01-11 08:38:01,10
2024-01-11 08:38:33,12
2024-01-11 08:38:49,10
2024-01-11 08:38:54,11
2024-01-11 08:38:59,10
2024-01-11 08:39:04,12
2024-01-11 08:39:15,11
2024-01-11 08:39:26,10
2024-01-11 08:39:31,12
2024-01-11 08:39:36,10
2024-01-11 08:39:47,11
2024-01-11 08:39:52,10
2024-01-11 08:40:03,12
2024-01-11 08:40:08,11
2024-01-11 08:40:13,12
2024-01-11 08:40:18,10
2024-01-11 08:40:24,12
2024-01-11 08:40:29,11
2024-01-11 08:40:45,10
2024-01-11 08:40:50,11
2024-01-11 08:40:56,10
2024-01-11 08:41:06,11
2024-01-11 08:41:22,10
2024-01-11 08:41:32,12
2024-01-11 08:41:54,11
2024-01-11 08:41:59,12
2024-01-11 08:42:04,10
2024-01-11 08:42:10,12
2024-01-11 08:42:15,10
2024-01-11 08:42:20,11
2024-01-11 08:42:31,10
2024-01-11 08:42:36,11
2024-01-11 08:42:41,10
2024-01-11 08:42:46,12
2024-01-11 08:42:52,11
2024-01-11 08:43:08,10
2024-01-11 08:43:13,12
2024-01-11 08:43:18,11
2024-01-11 08:43:29,10
2024-01-11 08:43:45,11
2024-01-11 08:43:50,12
2024-01-11 08:43:55,11
2024-01-11 08:44:00,10
2024-01-11 08:44:22,12
2024-01-11 08:44:27,11
2024-01-11 08:44:32,10
2024-01-11 08:44:43,11
2024-01-11 08:44:59,12
2024-01-11 08:45:04,10
2024-01-11 08:45:14,11
2024-01-11 08:45:20,10
2024-01-11 08:45:25,12
2024-01-11 08:45:36,10
2024-01-11 08:45:46,11
2024-01-11 08:45:52,12
2024-01-11 08:46:02,11
2024-01-11 08:46:18,10
2024-01-11 08:46:23,12
2024-01-11 08:46:28,11
2024-01-11 08:46:34,12
2024-01-11 08:46:55,11
2024-01-11 08:47:06,12
2024-01-11 08:47:16,11
2024-01-11 08:47:27,12
2024-01-11 08:47:32,11
2024-01-11 08:47:42,10
2024-01-11 08:47:48,11
2024-01-11 08:47:53,12
2024-01-11 08:48:04,11
2024-01-11 08:48:20,10
2024-01-11 08:48:25,11
2024-01-11 08:48:30,12
2024-01-11 08:48:56,11
2024-01-11 08:49:02,12
2024-01-11 08:49:07,11
2024-01-11 08:49:18,12
2024-01-11 08:49:44,11
2024-01-11 08:50:10,12
2024-01-11 08:50:21,11
2024-01-11 08:50:32,12
2024-01-11 08:50:53,10
2024-01-11 08:50:58,11
2024-01-11 08:51:19,12
2024-01-11 08:51:35,10
2024-01-11 08:51:46,12
2024-01-11 08:51:51,49
2024-01-11 08:51:56,40
2024-01-11 08:52:07,40
2024-01-11 08:52:12,41
2024-01-11 08:52:23,40
2024-01-11 08:52:33,41
2024-01-11 08:53:05,40
2024-01-11 08:53:21,41
2024-01-11 08:53:26,40
2024-01-11 08:53:42,41
2024-01-11 08:53:47,40
2024-01-11 08:53:58,41
2024-01-11 08:54:03,40
2024-01-11 08:54:19,41
2024-01-11 08:54:30,40
2024-01-11 08:54:56,41
2024-01-11 08:55:07,40
2024-01-11 08:55:44,41
2024-01-11 08:56:05,40
2024-01-11 08:56:15,41
2024-01-11 08:56:21,42
2024-01-11 08:56:26,41
2024-01-11 08:56:47,40
2024-01-11 08:57:24,39
2024-01-11 08:57:29,40
2024-01-11 08:57:40,41
2024-01-11 08:57:56,40
2024-01-11 08:58:01,41
2024-01-11 08:58:12,40
2024-01-11 08:58:43,41
2024-01-11 08:58:49,40
2024-01-11 08:58:59,41
2024-01-11 08:59:10,40
2024-01-11 08:59:15,41
2024-01-11 08:59:21,40
2024-01-11 08:59:31,41
2024-01-11 08:59:52,42
2024-01-11 08:59:57,41
2024-01-11 09:00:08,40
2024-01-11 09:00:29,41
2024-01-11 09:00:45,40
2024-01-11 09:01:01,41
2024-01-11 09:01:11,40
2024-01-11 09:01:43,41
2024-01-11 09:02:04,42
2024-01-11 09:02:15,40
2024-01-11 09:02:20,41
2024-01-11 09:02:31,40
2024-01-11 09:03:08,41
2024-01-11 09:03:29,40
2024-01-11 09:03:39,41
2024-01-11 09:03:45,40
2024-01-11 09:03:50,41
2024-01-11 09:04:06,44
2024-01-11 09:04:12,102
2024-01-11 09:04:17,102
2024-01-11 09:04:32,101
2024-01-11 09:04:43,101
2024-01-11 09:04:48,102
2024-01-11 09:04:59,101
2024-01-11 09:05:09,102
2024-01-11 09:05:25,101
2024-01-11 09:05:36,102
2024-01-11 09:05:41,101
2024-01-11 09:05:46,102
2024-01-11 09:05:57,101
2024-01-11 09:06:07,102
2024-01-11 09:06:13,101
2024-01-11 09:06:18,102
2024-01-11 09:06:23,101
2024-01-11 09:06:39,102
2024-01-11 09:06:50,101
2024-01-11 09:06:55,100
2024-01-11 09:07:00,103
2024-01-11 09:07:11,101
2024-01-11 09:07:16,102
2024-01-11 09:07:21,100
2024-01-11 09:07:27,99
2024-01-11 09:07:32,101
2024-01-11 09:07:37,101
2024-01-11 09:07:48,102
2024-01-11 09:08:04,101
2024-01-11 09:08:09,100
2024-01-11 09:08:14,101
2024-01-11 09:08:25,103
2024-01-11 09:08:30,101
2024-01-11 09:08:41,102
2024-01-11 09:08:51,101
2024-01-11 09:09:02,102
2024-01-11 09:09:07,101
2024-01-11 09:09:13,99
2024-01-11 09:09:18,101
2024-01-11 09:09:23,102
2024-01-11 09:09:28,100
2024-01-11 09:09:39,102
2024-01-11 09:09:55,99
2024-01-11 09:10:00,101
2024-01-11 09:10:16,102
2024-01-11 09:10:21,102
2024-01-11 09:10:27,103
2024-01-11 09:10:32,102
2024-01-11 09:10:42,101
2024-01-11 09:10:53,102
2024-01-11 09:11:19,103
2024-01-11 09:11:30,112
2024-01-11 09:11:36,203
2024-01-11 09:11:41,205
2024-01-11 09:11:46,205
2024-01-11 09:11:51,206
2024-01-11 09:11:57,205
2024-01-11 09:12:07,206
2024-01-11 09:12:18,207
2024-01-11 09:12:23,207
2024-01-11 09:12:28,205
2024-01-11 09:12:33,206
2024-01-11 09:12:49,207
2024-01-11 09:12:55,205
2024-01-11 09:13:00,205
2024-01-11 09:13:05,206
2024-01-11 09:13:10,204
2024-01-11 09:13:21,204
2024-01-11 09:13:26,202
2024-01-11 09:13:32,201
2024-01-11 09:13:37,205
2024-01-11 09:13:42,206
2024-01-11 09:13:47,205
2024-01-11 09:13:58,203
2024-01-11 09:14:03,205
2024-01-11 09:14:09,201
2024-01-11 09:14:14,206
2024-01-11 09:14:40,205
2024-01-11 09:14:46,204
2024-01-11 09:14:51,207
2024-01-11 09:15:01,208
2024-01-11 09:15:12,206
2024-01-11 09:15:18,202
2024-01-11 09:15:23,205
2024-01-11 09:15:33,207
2024-01-11 09:15:38,206
2024-01-11 09:15:49,205
2024-01-11 09:15:54,206
2024-01-11 09:16:00,201
2024-01-11 09:16:05,205
2024-01-11 09:16:10,203
2024-01-11 09:16:15,205
2024-01-11 09:16:26,206
2024-01-11 09:16:37,206
2024-01-11 09:16:42,208
2024-01-11 09:16:47,366
2024-01-11 09:16:52,359
2024-01-11 09:17:03,369
2024-01-11 09:17:08,369
2024-01-11 09:17:14,366
2024-01-11 09:17:19,365
2024-01-11 09:17:24,358
2024-01-11 09:17:29,364
2024-01-11 09:17:40,364
2024-01-11 09:17:46,366
2024-01-11 09:17:51,358
2024-01-11 09:17:56,364
2024-01-11 09:18:01,365
2024-01-11 09:18:06,364
2024-01-11 09:18:17,363
2024-01-11 09:18:22,358
2024-01-11 09:18:28,359
2024-01-11 09:18:33,363
2024-01-11 09:18:38,367
2024-01-11 09:18:43,365
2024-01-11 09:18:54,367
2024-01-11 09:19:00,369
2024-01-11 09:19:05,364
2024-01-11 09:19:10,365
2024-01-11 09:19:15,359
2024-01-11 09:19:20,367
2024-01-11 09:19:31,371
2024-01-11 09:19:36,369
2024-01-11 09:19:42,363
2024-01-11 09:19:47,369
2024-01-11 09:19:52,371
2024-01-11 09:19:57,370
2024-01-11 09:20:08,368
2024-01-11 09:20:14,367
2024-01-11 09:20:19,368
2024-01-11 09:20:24,365
2024-01-11 09:21:40,0
2024-01-11 09:21:45,13
2024-01-11 09:21:50,11
2024-01-11 09:21:59,10
2024-01-11 09:22:04,11
2024-01-11 09:22:10,10
2024-01-11 09:22:15,11
2024-01-11 09:22:20,10
2024-01-11 09:22:25,11
2024-01-11 09:22:36,12
2024-01-11 09:22:41,10
2024-01-11 09:22:52,11
2024-01-11 09:22:57,10
2024-01-11 09:23:02,11
2024-01-11 09:23:13,12
2024-01-11 09:23:29,10
2024-01-11 09:23:34,11
2024-01-11 09:23:39,10
2024-01-11 09:23:55,12
2024-01-11 09:24:01,11
2024-01-11 09:24:11,12
2024-01-11 09:24:27,10
2024-01-11 09:24:32,11
2024-01-11 09:24:48,10
2024-01-11 09:24:53,12
2024-01-11 09:25:04,10
2024-01-11 09:25:09,11
2024-01-11 09:25:15,12
2024-01-11 09:25:20,11
2024-01-11 09:25:25,12
2024-01-11 09:25:52,11
2024-01-11 09:25:57,12
2024-01-11 09:26:02,11
2024-01-11 09:26:18,12
2024-01-11 09:26:23,11
2024-01-11 09:26:34,12
2024-01-11 09:26:44,11
2024-01-11 09:26:55,12
2024-01-11 09:27:11,10
2024-01-11 09:27:16,11
2024-01-11 09:27:43,12
2024-01-11 09:27:53,11
2024-01-11 09:28:14,10
2024-01-11 09:28:25,11
2024-01-11 09:28:30,12
2024-01-11 09:28:51,10
2024-01-11 09:29:02,11
2024-01-11 09:29:12,12
2024-01-11 09:29:23,10
2024-01-11 09:29:29,12
2024-01-11 09:29:44,10
2024-01-11 09:29:49,12
2024-01-11 09:30:00,11
2024-01-11 09:30:16,12
2024-01-11 09:30:21,11
2024-01-11 09:30:26,12
2024-01-11 09:30:37,11
2024-01-11 09:30:43,12
2024-01-11 09:30:53,11
2024-01-11 09:30:58,12
2024-01-11 09:31:03,11
2024-01-11 09:31:14,12
2024-01-11 09:31:20,11
2024-01-11 09:31:35,11
2024-01-11 09:31:40,11
2024-01-11 09:31:51,12
2024-01-11 09:31:57,10
2024-01-11 09:32:02,11
2024-01-11 09:32:12,12
2024-01-11 09:32:28,11
2024-01-11 09:32:34,12
2024-01-11 09:32:39,10
2024-01-11 09:32:44,11
2024-01-11 09:32:49,12
2024-01-11 09:32:54,11
2024-01-11 09:33:21,12
2024-01-11 09:33:42,10
2024-01-11 09:33:48,11
2024-01-11 09:33:53,12
2024-01-11 09:33:58,10
2024-01-11 09:34:03,11
2024-01-11 09:34:40,12
2024-01-11 09:34:45,11
2024-01-11 09:35:02,12
2024-01-11 09:35:17,11
2024-01-11 09:35:44,10
2024-01-11 09:35:49,12
2024-01-11 09:35:54,11
2024-01-11 09:35:59,12
2024-01-11 09:36:10,11
2024-01-11 09:36:16,12
2024-01-11 09:36:21,11
2024-01-11 09:36:26,12
2024-01-11 09:36:31,11
2024-01-11 09:36:53,12
2024-01-11 09:36:58,10
2024-01-11 09:37:03,12
2024-01-11 09:37:08,11
2024-01-11 09:37:13,12
2024-01-11 09:37:24,11
2024-01-11 09:37:30,12
2024-01-11 09:37:40,11
2024-01-11 09:37:45,10
2024-01-11 09:38:01,11
2024-01-11 09:38:07,12
2024-01-11 09:38:17,11
2024-01-11 09:38:22,12
2024-01-11 09:38:28,10
2024-01-11 09:38:38,12
2024-01-11 09:38:44,11
2024-01-11 09:38:59,12
2024-01-11 09:39:21,11
2024-01-11 09:39:31,10
2024-01-11 09:39:36,11
2024-01-11 09:40:03,12
2024-01-11 09:40:08,11
2024-01-11 09:40:13,13
2024-01-11 09:40:19,12
2024-01-11 09:40:35,11
2024-01-11 09:40:40,12
2024-01-11 09:40:45,11
2024-01-11 09:41:12,12
2024-01-11 09:41:27,11
2024-01-11 09:41:33,11
2024-01-11 09:41:43,12
2024-01-11 09:41:49,11
2024-01-11 09:41:54,12
2024-01-11 09:41:59,11
2024-01-11 09:42:36,12
2024-01-11 09:42:41,11
2024-01-11 09:43:08,12
2024-01-11 09:43:34,11
2024-01-11 09:43:40,12
2024-01-11 09:43:45,11
2024-01-11 09:44:01,12
2024-01-11 09:44:11,11
2024-01-11 09:44:17,12
2024-01-11 09:44:32,11
2024-01-11 09:45:15,12
2024-01-11 09:45:46,11
2024-01-11 09:45:52,12
2024-01-11 09:46:08,11
2024-01-11 09:46:13,12
2024-01-11 09:46:18,11
2024-01-11 09:46:23,12
2024-01-11 09:46:29,11
2024-01-11 09:46:45,12
2024-01-11 09:46:50,11
2024-01-11 09:46:55,12
2024-01-11 09:47:00,11
2024-01-11 09:47:16,12
2024-01-11 09:47:22,11
2024-01-11 09:47:32,10
2024-01-11 09:47:37,12
2024-01-11 09:47:53,11
2024-01-11 09:47:59,12
2024-01-11 09:48:04,10
2024-01-11 09:48:09,11
2024-01-11 09:48:14,12
2024-01-11 09:48:20,10
2024-01-11 09:48:36,12
2024-01-11 09:48:41,11
2024-01-11 09:48:46,12
2024-01-11 09:48:57,11
2024-01-11 09:49:13,12
2024-01-11 09:49:18,10
2024-01-11 09:49:23,11
2024-01-11 09:49:28,10
2024-01-11 09:49:34,12
2024-01-11 09:49:45,11
2024-01-11 09:49:50,12
2024-01-11 09:50:00,11
2024-01-11 09:50:05,38
2024-01-11 09:50:11,41
2024-01-11 09:50:22,41
2024-01-11 09:51:04,40
2024-01-11 09:51:09,41
2024-01-11 09:51:25,40
2024-01-11 09:51:36,41
2024-01-11 09:51:41,40
2024-01-11 09:51:56,41
2024-01-11 09:52:13,40
2024-01-11 09:52:18,41
2024-01-11 09:52:23,40
2024-01-11 09:52:28,41
2024-01-11 09:52:39,40
2024-01-11 09:52:55,41
2024-01-11 09:53:00,40
2024-01-11 09:53:27,40
2024-01-11 09:53:32,40
2024-01-11 09:53:37,41
2024-01-11 09:54:19,40
2024-01-11 09:55:01,41
2024-01-11 09:55:38,40
2024-01-11 09:56:21,41
2024-01-11 09:56:32,103
2024-01-11 09:56:37,103
2024-01-11 09:56:42,103
2024-01-11 09:56:47,102
2024-01-11 09:56:53,100
2024-01-11 09:56:58,102
2024-01-11 09:57:09,103
2024-01-11 09:57:14,102
2024-01-11 09:57:19,103
2024-01-11 09:57:24,102
2024-01-11 09:57:30,101
2024-01-11 09:57:35,102
2024-01-11 09:57:51,103
2024-01-11 09:58:01,102
2024-01-11 09:58:07,103
2024-01-11 09:58:12,102
2024-01-11 09:58:23,100
2024-01-11 09:58:28,103
2024-01-11 09:58:33,102
2024-01-11 09:58:38,101
2024-01-11 09:58:44,103
2024-01-11 09:58:49,99
2024-01-11 09:59:00,102
2024-01-11 09:59:15,103
2024-01-11 09:59:37,102
2024-01-11 09:59:42,103
2024-01-11 09:59:58,102
2024-01-11 10:00:14,103
2024-01-11 10:00:24,100
2024-01-11 10:00:29,103
2024-01-11 10:00:51,102
2024-01-11 10:01:01,103
2024-01-11 10:01:06,103
2024-01-11 10:01:12,102
2024-01-11 10:01:17,103
2024-01-11 10:01:33,103
2024-01-11 10:01:38,103
2024-01-11 10:01:49,102
2024-01-11 10:01:54,103
2024-01-11 10:02:05,102
2024-01-11 10:02:10,103
2024-01-11 10:02:15,101
2024-01-11 10:02:20,102
2024-01-11 10:02:26,103
2024-01-11 10:02:31,100
2024-01-11 10:02:42,102
2024-01-11 10:02:47,103
2024-01-11 10:02:57,102
2024-01-11 10:03:03,103
2024-01-11 10:03:19,207
2024-01-11 10:03:24,207
2024-01-11 10:03:29,206
2024-01-11 10:03:35,207
2024-01-11 10:03:40,207
2024-01-11 10:03:45,204
2024-01-11 10:03:56,207
2024-01-11 10:04:01,206
2024-01-11 10:04:06,207
2024-01-11 10:04:12,207
2024-01-11 10:04:17,206
2024-01-11 10:04:33,207
2024-01-11 10:04:38,206
2024-01-11 10:04:43,204
2024-01-11 10:04:49,207
2024-01-11 10:04:54,205
2024-01-11 10:04:59,207
2024-01-11 10:05:10,202
2024-01-11 10:05:15,206
2024-01-11 10:05:20,207
2024-01-11 10:05:26,205
2024-01-11 10:05:31,206
2024-01-11 10:05:36,204
2024-01-11 10:05:47,206
2024-01-11 10:05:57,203
2024-01-11 10:06:03,208
2024-01-11 10:06:08,206
2024-01-11 10:06:24,207
2024-01-11 10:06:29,208
2024-01-11 10:06:34,205
2024-01-11 10:06:50,206
2024-01-11 10:07:01,205
2024-01-11 10:07:06,207
2024-01-11 10:07:11,206
2024-01-11 10:07:17,208
2024-01-11 10:07:22,206
2024-01-11 10:07:27,207
2024-01-11 10:07:38,205
2024-01-11 10:07:43,207
2024-01-11 10:07:54,206
2024-01-11 10:08:04,207
2024-01-11 10:08:15,205
2024-01-11 10:08:20,207
2024-01-11 10:08:25,208
2024-01-11 10:08:31,206
2024-01-11 10:08:36,360
2024-01-11 10:08:41,369
2024-01-11 10:08:52,365
2024-01-11 10:09:02,364
2024-01-11 10:09:08,367
2024-01-11 10:09:13,370
2024-01-11 10:09:18,367
2024-01-11 10:09:29,371
2024-01-11 10:09:34,367
2024-01-11 10:09:39,365
2024-01-11 10:09:45,369
2024-01-11 10:09:50,371
2024-01-11 10:09:55,369
2024-01-11 10:10:06,363
2024-01-11 10:10:11,370
2024-01-11 10:10:16,371
2024-01-11 10:10:22,359
2024-01-11 10:10:27,366
2024-01-11 10:10:32,365
2024-01-11 10:10:43,368
2024-01-11 10:10:48,364
2024-01-11 10:10:53,365
2024-01-11 10:10:59,368
2024-01-11 10:11:04,370
2024-01-11 10:11:09,365
2024-01-11 10:11:20,367
2024-01-11 10:11:25,370
2024-01-11 10:11:36,370
2024-01-11 10:11:41,365
2024-01-11 10:11:46,364
2024-01-11 10:11:57,371
2024-01-11 10:12:02,364
2024-01-11 10:12:07,365
2024-01-11 10:12:13,369
2024-01-11 10:12:18,370
2024-01-11 10:12:23,369
2024-01-11 10:12:34,365
2024-01-11 10:12:39,364
2024-01-11 10:12:44,365
2024-01-11 10:12:50,364
2024-01-11 10:12:55,368
2024-01-11 10:13:00,370
2024-01-11 10:13:11,365
2024-01-11 10:13:21,363
2024-01-11 10:13:27,367
2024-01-11 10:13:32,367
2024-01-11 10:13:37,368
2024-01-11 10:13:48,364
2024-01-11 10:13:53,365
2024-01-11 10:13:59,368
2024-01-11 10:14:04,369
2024-01-11 10:14:09,367
2024-01-11 10:14:14,289
2024-01-11 10:14:25,10
2024-01-11 10:14:30,11
2024-01-11 10:14:41,10
2024-01-11 10:14:51,10
2024-01-11 10:15:02,10
2024-01-11 10:15:13,12
2024-01-11 10:15:18,10
2024-01-11 10:15:23,11
2024-01-11 10:15:28,10
2024-01-11 10:15:44,12
2024-01-11 10:15:50,11
2024-01-11 10:15:55,12
2024-01-11 10:16:00,11
2024-01-11 10:16:05,12
2024-01-11 10:16:16,11
2024-01-11 10:16:21,12
2024-01-11 10:16:27,11
2024-01-11 10:16:37,12
2024-01-11 10:16:42,11
2024-01-11 10:16:53,13
2024-01-11 10:16:58,11
2024-01-11 10:17:09,12
2024-01-11 10:17:14,11
2024-01-11 10:17:35,12
2024-01-11 10:17:46,11
2024-01-11 10:18:07,12
2024-01-11 10:18:12,11
2024-01-11 10:18:28,12
2024-01-11 10:19:05,11
2024-01-11 10:19:10,12
2024-01-11 10:19:21,11
2024-01-11 10:19:26,12
2024-01-11 10:19:32,11
2024-01-11 10:19:37,12
2024-01-11 10:19:42,11
2024-01-11 10:19:47,12
2024-01-11 10:19:58,11
2024-01-11 10:20:19,13
2024-01-11 10:20:24,11
2024-01-11 10:20:35,12
2024-01-11 10:20:40,11
2024-01-11 10:20:56,13
2024-01-11 10:21:01,12
2024-01-11 10:21:17,11
2024-01-11 10:21:23,13
2024-01-11 10:21:28,11
2024-01-11 10:21:54,13
2024-01-11 10:22:00,11
2024-01-11 10:22:05,12
2024-01-11 10:22:10,12
2024-01-11 10:22:15,11
2024-01-11 10:22:26,12
2024-01-11 10:22:31,11
2024-01-11 10:22:37,12
2024-01-11 10:22:52,13
2024-01-11 10:23:03,13
2024-01-11 10:23:08,11
2024-01-11 10:23:14,42
2024-01-11 10:23:19,42
2024-01-11 10:23:29,41
2024-01-11 10:23:40,42
2024-01-11 10:23:45,41
2024-01-11 10:23:56,41
2024-01-11 10:24:01,42
2024-01-11 10:24:17,41
2024-01-11 10:24:22,42
2024-01-11 10:25:10,41
2024-01-11 10:25:52,42
2024-01-11 10:26:08,41
2024-01-11 10:26:13,42
2024-01-11 10:26:19,41
2024-01-11 10:26:24,42
2024-01-11 10:26:45,43
2024-01-11 10:26:50,42
2024-01-11 10:26:56,41
2024-01-11 10:27:01,42
2024-01-11 10:27:06,40
2024-01-11 10:27:11,41
2024-01-11 10:27:27,42
2024-01-11 10:27:33,41
2024-01-11 10:27:43,42
2024-01-11 10:27:59,41
2024-01-11 10:28:15,42
2024-01-11 10:28:41,42
2024-01-11 10:28:47,41
2024-01-11 10:29:13,40
2024-01-11 10:29:18,41
2024-01-11 10:29:29,42
2024-01-11 10:29:34,41
2024-01-11 10:29:39,116
2024-01-11 10:29:50,104
2024-01-11 10:29:55,105
2024-01-11 10:30:01,104
2024-01-11 10:30:06,106
2024-01-11 10:30:11,103
2024-01-11 10:30:16,106
2024-01-11 10:30:27,104
2024-01-11 10:30:38,105
2024-01-11 10:30:43,104
2024-01-11 10:30:48,103
2024-01-11 10:30:53,103
2024-01-11 10:31:04,104
2024-01-11 10:31:09,105
2024-01-11 10:31:15,104
2024-01-11 10:31:20,105
2024-01-11 10:31:25,102
2024-01-11 10:31:30,104
2024-01-11 10:31:41,105
2024-01-11 10:31:46,104
2024-01-11 10:31:52,105
2024-01-11 10:32:02,104
2024-01-11 10:32:07,104
2024-01-11 10:32:18,102
2024-01-11 10:32:23,104
2024-01-11 10:32:44,105
2024-01-11 10:33:06,104
2024-01-11 10:33:32,104
2024-01-11 10:33:37,105
2024-01-11 10:33:43,104
2024-01-11 10:33:48,105
2024-01-11 10:33:58,104
2024-01-11 10:34:09,105
2024-01-11 10:34:20,104
2024-01-11 10:34:30,105
2024-01-11 10:34:52,103
2024-01-11 10:34:57,105
2024-01-11 10:35:02,104
2024-01-11 10:35:07,214
2024-01-11 10:35:12,208
2024-01-11 10:35:23,207
2024-01-11 10:35:29,210
2024-01-11 10:35:34,209
2024-01-11 10:35:44,210
2024-01-11 10:35:49,209
2024-01-11 10:36:00,208
2024-01-11 10:36:06,209
2024-01-11 10:36:11,208
2024-01-11 10:36:16,209
2024-01-11 10:36:21,209
2024-01-11 10:36:26,205
2024-01-11 10:36:37,207
2024-01-11 10:36:43,205
2024-01-11 10:36:48,208
2024-01-11 10:36:53,206
2024-01-11 10:36:58,208
2024-01-11 10:37:03,209
2024-01-11 10:37:20,208
2024-01-11 10:37:25,208
2024-01-11 10:37:30,207
2024-01-11 10:37:35,208
2024-01-11 10:37:51,209
2024-01-11 10:37:57,206
2024-01-11 10:38:02,208
2024-01-11 10:38:07,210
2024-01-11 10:38:12,208
2024-01-11 10:38:17,210
2024-01-11 10:38:39,208
2024-01-11 10:38:44,209
2024-01-11 10:38:49,209
2024-01-11 10:38:54,207
2024-01-11 10:39:05,208
2024-01-11 10:39:11,208
2024-01-11 10:39:21,209
2024-01-11 10:39:26,206
2024-01-11 10:39:32,208
2024-01-11 10:39:42,210
2024-01-11 10:39:48,208
2024-01-11 10:39:58,209
2024-01-11 10:40:03,205
2024-01-11 10:40:08,360
2024-01-11 10:40:19,366
2024-01-11 10:40:25,368
2024-01-11 10:40:30,357
2024-01-11 10:40:35,365
2024-01-11 10:40:40,365
2024-01-11 10:40:46,374
2024-01-11 10:40:56,369
2024-01-11 10:41:02,367
2024-01-11 10:41:07,369
2024-01-11 10:41:12,371
2024-01-11 10:41:17,370
2024-01-11 10:41:23,367
2024-01-11 10:41:33,367
2024-01-11 10:41:39,371
2024-01-11 10:41:44,370
2024-01-11 10:41:49,362
2024-01-11 10:41:54,366
2024-01-11 10:42:00,369
2024-01-11 10:42:10,370
2024-01-11 10:42:16,363
2024-01-11 10:42:21,371
2024-01-11 10:42:26,366
2024-01-11 10:42:31,373
2024-01-11 10:42:37,359
2024-01-11 10:42:47,372
2024-01-11 10:42:53,369
2024-01-11 10:42:58,373
2024-01-11 10:43:03,372
2024-01-11 10:43:08,369
2024-01-11 10:43:14,366
2024-01-11 10:43:24,371
2024-01-11 10:43:30,357
2024-01-11 10:43:35,372
2024-01-11 10:43:40,370
2024-01-11 10:43:45,366
2024-01-11 10:43:51,372
2024-01-11 10:44:01,365
2024-01-11 10:44:07,372
2024-01-11 10:44:12,373
2024-01-11 10:44:17,368
2024-01-11 10:44:22,367
2024-01-11 10:44:28,365
2024-01-11 10:44:38,365
2024-01-11 10:44:44,366
2024-01-11 10:44:49,366
2024-01-11 10:45:15,371
2024-01-11 10:45:21,372
2024-01-11 10:45:26,371
2024-01-11 10:45:31,365
2024-01-11 10:45:42,365
2024-01-11 10:45:52,367
2024-01-11 10:45:58,366
2024-01-11 10:46:03,367
2024-01-11 10:46:08,364
2024-01-11 10:46:13,367
2024-01-11 10:46:19,30
2024-01-11 10:46:29,10
2024-01-11 10:46:35,12
2024-01-11 10:46:40,11
2024-01-11 10:46:45,12
2024-01-11 10:46:50,11
2024-01-11 10:46:56,10
2024-01-11 10:47:06,11
2024-01-11 10:47:12,12
2024-01-11 10:47:17,11
2024-01-11 10:47:33,12